{"cameraMode":{"drawMode":0,"name":"Shaded","section":"Shading Mode"},"sceneLighting":true,"audioPlay":false,"sceneViewState":{"m_AlwaysRefresh":false,"showFog":true,"showSkybox":true,"showFlares":true,"showImageEffects":true,"showParticleSystems":true,"showVisualEffectGraphs":true,"m_FxEnabled":false},"in2DMode":false,"pivot":{"x":291.774169921875,"y":1000.7252197265625,"z":1681.4976806640625},"rotation":{"x":-0.14290843904018403,"y":0.014197011478245259,"z":-0.001885861624032259,"w":-0.9897367358207703},"size":1819.354736328125,"orthographic":false}